{"T0": ["2.300", "0.010", 1], "hPa": ["1.00520", "0.00010", 3], "q": ["1.860", "0.010", 1], "nu": [0.029, 0, 0], "eds": [40.7, 0, 0]}