{"T0": ["2.300", "0.010", 1], "hPa": ["1.00520", "0.00010", 3], "q": ["1.860", "0.010", 1], "nu": [0.029, 0, 0], "eds": [40.7, 0, 0], "tr1": [0.0, 0, 0], "k11": ["4.12", "0.09", 0], "tr2": [0.0, 0, 0], "k12": ["5.86", "0.06", 0], "tr3": [0.0, 0, 0], "k13": ["1.007", "0.026", 1], "alpha": ["5.5", "0.6", -2], "cp": ["1.05", "0.07", 3], "ro": ["1.1851", "0.0005", 0]}