N,time,iters
100,0.00950095,279.213
1600,0.309295,7914.66
3100,0.670807,16728
4600,1.06912,26472.4
6100,1.48466,36460.2
7600,1.92366,46671
9100,2.37615,57204.1
10600,2.85106,67373.5
12100,3.34146,78686.3
13600,3.72603,89683.5
15100,4.74242,100569
16600,4.75,111763
18100,5.2,123350
19600,5.64706,134774
21100,6.19149,146268
22600,6.59091,156769
24100,7.09756,169681
25600,7.61538,181364
27100,8.05556,191906
28600,8.67647,205125
