N,time,iters
100,0.00670067,249.539
1600,0.203526,7218.9
3100,0.440994,15498.1
4600,0.700461,24368.2
6100,0.969325,33464.2
7600,1.25954,43234
9100,1.54128,52860.5
10600,1.82979,62694.2
12100,2.12195,72785.8
13600,2.43836,83113.6
15100,2.75758,93660.8
16600,3.03333,103565
18100,3.36364,114256
19600,3.64706,124947
21100,3.97872,135956
22600,4.29545,146619
24100,4.63415,157421
25600,4.92308,168020
27100,5.27778,179848
28600,5.58824,190031
