N,time,iters
100,0.0134027,267.115
1100,1.18722,6392.93
2100,4.28151,14023.8
3100,9.40373,20657.7
4100,17.0826,30971.4
5100,26.102,39393.6
6100,37.8025,47399.4
7100,50.8286,54842.7
8100,70.1475,62977.7
9100,84.3889,78393.3
10100,111.02,87508.5
11100,128.667,95902.8
12100,155.561,105169
13100,183.658,113058
14100,214.6,122157
15100,242.364,130722
16100,295.161,140145
17100,321.414,163280
18100,368.519,173515
19100,402.231,182694
