N,time,iters
100,0.00765008,0.00237002
600,0.0635425,0.136925
1100,0.126953,0.515292
1600,0.198432,1.22404
2100,0.269271,2.13001
2600,0.347634,3.34815
3100,0.427287,4.97736
3600,0.516024,6.80735
4100,0.596556,9.05904
4600,0.702255,11.6498
5100,0.75051,14.2908
5600,0.866667,17.5412
6100,0.949969,21.6522
6600,1.02904,25.1294
7100,1.15696,29.799
7600,1.21369,34.511
8100,1.2966,38.5908
8600,1.43029,44.167
9100,1.5082,50.1539
9600,1.58213,56.2546
