N,time_full,time_forward,time_backward
100,0.0524052,0,0
600,1.34214,0,0
1100,4.0451,0,0
1600,8.45032,0,0
2100,14.626,0,0
2600,22.2161,0,0
3100,31.9534,0,0
3600,47.3502,0,0
4100,59.321,0,0
4600,71.5484,0,0
5100,87.8112,0,0
5600,104.927,0,0
6100,126.27,0,0
6600,148.073,0,0
7100,172.607,0,0
7600,200.153,0,0
8100,231.22,0,0
8600,263.362,0,0
9100,305.661,0,0
9600,337.019,0,0
